REM *************** TABLAS UNIDAD VI ***************
REM *************** TABLASUNI6.SQL *****************

REM *************** TABLA EMPLE30: **************

DROP TABLE EMPLE30 cascade constraints; 

CREATE TABLE EMPLE30 (
 EMP_NO    NUMBER(4) NOT NULL,
 APELLIDO  VARCHAR(10)  ,
 OFICIO    VARCHAR(10)  ,
 DIR       NUMBER(4) ,
 FECHA_ALT DATE      ,
 SALARIO   NUMBER(7),
 COMISION  NUMBER(7),
 DEPT_NO   NUMBER(2) NOT NULL) ;


REM *************** TABLA NOMBRES: *************
DROP TABLE NOMBRES cascade constraints; 
CREATE TABLE NOMBRES
(
  NOMBRE VARCHAR2(15),
  EDAD NUMBER(2)
) ;

INSERT INTO NOMBRES VALUES('PEDRO', 17);
INSERT INTO NOMBRES VALUES('JUAN', 17);
INSERT INTO NOMBRES VALUES('MARÍA', 16);
INSERT INTO NOMBRES VALUES('CLARA', 14);
INSERT INTO NOMBRES VALUES(NULL, 15);
INSERT INTO NOMBRES VALUES(NULL, 18);
INSERT INTO NOMBRES VALUES('JESÚS', NULL);

COMMIT;



REM *************** TABLAS ARTICULOS, TIENDAS, FABRICANTES, PEDIDOS y VENTAS:********

DROP TABLE ARTICULOS cascade constraints; 
DROP TABLE TIENDAS cascade constraints; 
DROP TABLE FABRICANTES cascade constraints; 
DROP TABLE PEDIDOS cascade constraints; 
DROP TABLE VENTAS cascade constraints; 

CREATE TABLE ARTICULOS(
ARTICULO       VARCHAR2(20)NOT NULL,
COD_FABRICANTE NUMBER(3) NOT NULL,
PESO           NUMBER(3) NOT NULL ,
CATEGORIA      VARCHAR2(10) NOT NULL,
PRECIO_VENTA   NUMBER (6,2),
PRECIO_COSTO   NUMBER (6,2),
EXISTENCIAS    NUMBER (5) ) ;

INSERT INTO ARTICULOS VALUES ('Macarrones',20, 1, 'Primera',1, 0.98,120);

INSERT INTO ARTICULOS VALUES ('Tallarines',20, 2, 'Primera',1.20,1,100);

INSERT INTO ARTICULOS VALUES ('Tallarines',20, 1, 'Segunda',0.99,0.50,100);

INSERT INTO ARTICULOS VALUES ('Macarrones',20, 1, 'Tercera',0.80,0.50,100);

INSERT INTO ARTICULOS VALUES ('Atún',10, 3, 'Primera',2,1.50,220);
INSERT INTO ARTICULOS VALUES ('Atún',10, 3, 'Segunda',1.50,1,220);
INSERT INTO ARTICULOS VALUES ('Atún',10, 3, 'Tercera',1,0.50,220);
INSERT INTO ARTICULOS VALUES ('Sardinillas',10, 1, 'Primera',2.5,2,200);
INSERT INTO ARTICULOS VALUES ('Sardinillas',10, 1, 'Segunda',2,1.6,200);
INSERT INTO ARTICULOS VALUES ('Sardinillas',10, 1, 'Tercera',1,1.5,220);
INSERT INTO ARTICULOS VALUES ('Mejillones',10, 1, 'Tercera',1,0.9,200);
INSERT INTO ARTICULOS VALUES ('Mejillones',10, 1, 'Primera',3,2,300);



INSERT INTO ARTICULOS VALUES ('Macarrones',25, 1, 'Primera',1.5,1,150);
INSERT INTO ARTICULOS VALUES ('Tallarines',25, 1, 'Primera',1,0.90,100);
INSERT INTO ARTICULOS VALUES ('Fideos',25, 1, 'Segunda',0.75,0.50,100);
INSERT INTO ARTICULOS VALUES ('Fideos',25, 1, 'Primera',1,0.80,100);


INSERT INTO ARTICULOS VALUES ('Galletas Cuadradas',15, 1, 'Primera',2,1.8,100);
INSERT INTO ARTICULOS VALUES ('Galletas Cuadradas',15, 1, 'Segunda',1,0.8,100);
INSERT INTO ARTICULOS VALUES ('Galletas Cuadradas',15, 1, 'Tercera',0.50,0.40,100);
INSERT INTO ARTICULOS VALUES ('Barquillos',15, 1, 'Primera',1,0.80,100);
INSERT INTO ARTICULOS VALUES ('Barquillos',15, 1, 'Segunda',1,0.80,100);
INSERT INTO ARTICULOS VALUES ('Canutillos',15, 2, 'Primera',1.7,1.5,110);
INSERT INTO ARTICULOS VALUES ('Canutillos',15, 2, 'Segunda',1.2,1.5,110);

INSERT INTO ARTICULOS VALUES ('Leche entera',30, 1, 'Primera',1.1,1,300);
INSERT INTO ARTICULOS VALUES ('Leche desnat.',30, 1,'Primera',1.2,1,300);
INSERT INTO ARTICULOS VALUES ('Leche semi.',30, 1, 'Primera',1.30,1.10,300);
INSERT INTO ARTICULOS VALUES ('Leche entera',30, 2,'Primera',2.10,2,300);
INSERT INTO ARTICULOS VALUES ('Leche desnat.',30, 2, 'Primera',2.2,2,300);
INSERT INTO ARTICULOS VALUES ('Leche semi.',30, 2,  'Primera',2.3,2.1,300);
INSERT INTO ARTICULOS VALUES ('Mantequilla',30, 1, 'Primera',1.8,2,200);
INSERT INTO ARTICULOS VALUES ('Mantequilla',30, 1, 'Segunda',1.4,2,200);


CREATE TABLE FABRICANTES(
COD_FABRICANTE NUMBER(3) NOT NULL,
NOMBRE         VARCHAR2(15), 
PAIS           VARCHAR2(15));

INSERT INTO FABRICANTES VALUES(10,'CALVO', 'ESPAÑA');
INSERT INTO FABRICANTES VALUES(15,'LU', 'BELGICA');
INSERT INTO FABRICANTES VALUES(20,'BARILLA', 'ITALIA');
INSERT INTO FABRICANTES VALUES(25,'GALLO', 'ESPAÑA');
INSERT INTO FABRICANTES VALUES(30,'PRESIDENT', 'FRANCIA');

CREATE TABLE TIENDAS(
NIF       VARCHAR2(10) NOT NULL,
NOMBRE    VARCHAR2(20),
DIRECCION VARCHAR2(20),
POBLACION VARCHAR2(20),
PROVINCIA VARCHAR2(20),
CODPOSTAL NUMBER(5) );

INSERT INTO TIENDAS VALUES('1111-A','Almacenes Pérez', 'C/Toledo, 20',
 'Siguenza','GUADALAJARA',19104); 
INSERT INTO TIENDAS VALUES('5555-B','La gacela', 'C/Santander Rios, 45',
 'Azuqueca','GUADALAJARA', 19209);
INSERT INTO TIENDAS VALUES('2222-A','Comestibles Rodolfo', 
'C/ del Val s/n', 'Alcalá de Henares','MADRID',28804);
INSERT INTO TIENDAS VALUES('4444-A','La Pasta Gansa', 'C/Alcalá, 2',
 'Ajalvir','MADRID', 28765);
 INSERT INTO TIENDAS VALUES('3333-N','Ultramarinos Montse',
  'Avda. Pio 10', 'Toledo','TOLEDO',45100);
INSERT INTO TIENDAS VALUES('4141-B','Todo Toledo',
 'C/Avila 24', 'Talavera','TOLEDO',45199);


CREATE TABLE PEDIDOS(
NIF               VARCHAR2(10) NOT NULL,
ARTICULO          VARCHAR2(20) NOT NULL,
COD_FABRICANTE    NUMBER(3) NOT NULL,
PESO              NUMBER(3) NOT NULL,
CATEGORIA         VARCHAR2(10) NOT NULL,
FECHA_PEDIDO      DATE NOT NULL,
UNIDADES_PEDIDAS  NUMBER(4)
) ;

ALTER SESSION SET NLS_DATE_FORMAT='DD/MM/YYYY';

INSERT INTO PEDIDOS VALUES ('5555-B','Macarrones',20, 1, 'Primera',
TO_DATE('18/02/2006'), 30);
INSERT INTO PEDIDOS VALUES ('5555-B','Atún',10, 3, 'Primera',
TO_DATE('21/02/2006'), 10);
INSERT INTO PEDIDOS VALUES ('5555-B','Atún',10, 3, 'Segunda',
TO_DATE('11/03/2006'), 4);
INSERT INTO PEDIDOS VALUES ('5555-B','Sardinillas',10, 1, 'Segunda', 
TO_DATE('11/03/2006'), 10);
INSERT INTO PEDIDOS VALUES ('5555-B','Macarrones',25, 1, 'Primera',
TO_DATE('14/04/2006'), 12);
INSERT INTO PEDIDOS VALUES ('5555-B','Fideos',25, 1, 'Segunda', 
TO_DATE('18/05/2006'), 24);
INSERT INTO PEDIDOS VALUES ('5555-B','Fideos',25, 1, 'Segunda', 
TO_DATE('19/05/2006'), 20);
INSERT INTO PEDIDOS VALUES ('5555-B','Galletas Cuadradas',
15, 1, 'Segunda', TO_DATE('20/06/2006'), 15);

INSERT INTO PEDIDOS VALUES ('1111-A','Barquillos',15, 1, 'Primera',
TO_DATE('20/02/2006'), 10);

INSERT INTO PEDIDOS VALUES ('1111-A','Canutillos',15, 2, 'Segunda',
TO_DATE('10/04/2006'), 12);
INSERT INTO PEDIDOS VALUES ('1111-A','Leche semi.',30, 1, 'Primera',
TO_DATE('24/06/2006'), 5);
INSERT INTO PEDIDOS VALUES ('1111-A','Leche semi.',30, 2, 'Primera',
TO_DATE('04/07/2006'), 11);
INSERT INTO PEDIDOS VALUES ('1111-A','Mantequilla',30, 1, 'Primera', 
TO_DATE('10/07/2006'), 10);

INSERT INTO PEDIDOS VALUES ('4141-B','Macarrones',20, 1, 'Primera',
TO_DATE('16/04/2006'), 30);
INSERT INTO PEDIDOS VALUES ('4141-B','Atún',10, 3, 'Primera',
TO_DATE('21/06/2006'), 10);
INSERT INTO PEDIDOS VALUES ('4141-B','Atún',10, 3, 'Segunda',
TO_DATE('12/08/2006'), 9);


INSERT INTO PEDIDOS VALUES ('2222-A','Sardinillas',10, 1,
 'Segunda', TO_DATE('12/08/2006'),20);
INSERT INTO PEDIDOS VALUES ('2222-A','Sardinillas',10, 1, 
'Tercera', TO_DATE('12/08/2006'),22);
INSERT INTO PEDIDOS VALUES('2222-A','Mejillones',10,1,
 'Primera',SYSDATE,1000);

INSERT INTO PEDIDOS VALUES ('3333-A','Macarrones',25, 1,
 'Primera',TO_DATE('10/11/2006'),8);
INSERT INTO PEDIDOS VALUES ('3333-A','Tallarines',25, 1, 
'Primera', TO_DATE('12/11/2006'),9);
 INSERT INTO PEDIDOS VALUES ('3333-A','Fideos',25, 1, 
'Primera', TO_DATE('15/11/2006'),11);
 INSERT INTO PEDIDOS VALUES ('3333-A','Galletas Cuadradas',
15, 1, 'Primera', TO_DATE('20/11/2006'),6);
INSERT INTO PEDIDOS VALUES ('3333-A','Barquillos',15, 1, 
'Segunda', TO_DATE('20/11/2006'),40);
 INSERT INTO PEDIDOS VALUES ('3333-A','Canutillos',15, 2, 
'Segunda', TO_DATE('20/11/2006'),10);



CREATE TABLE VENTAS(
NIF                VARCHAR2(10) NOT NULL,
ARTICULO           VARCHAR2(20) NOT NULL,
COD_FABRICANTE     NUMBER(3) NOT NULL,
PESO               NUMBER(3) NOT NULL,
CATEGORIA          VARCHAR2(10) NOT NULL,
FECHA_VENTA        DATE NOT NULL,
UNIDADES_VENDIDAS  NUMBER(4)
);


INSERT INTO VENTAS VALUES ('5555-B','Macarrones',20, 1, 'Primera',
TO_DATE('19/02/2006'), 5);
INSERT INTO VENTAS VALUES ('5555-B','Atún',10, 3, 'Primera',
TO_DATE('19/02/2006'), 6);
INSERT INTO VENTAS VALUES ('5555-B','Atún',10, 3, 'Segunda',
TO_DATE('20/03/2006'), 15);
INSERT INTO VENTAS VALUES ('5555-B','Sardinillas',10, 1, 'Segunda', 
TO_DATE('20/03/2006'), 8);
INSERT INTO VENTAS VALUES ('5555-B','Macarrones',25, 1, 'Primera',
TO_DATE('17/04/2006'), 2);
INSERT INTO VENTAS VALUES ('5555-B','Fideos',25, 1, 'Segunda', 
TO_DATE('18/05/2006'), 14);
INSERT INTO VENTAS VALUES ('5555-B','Leche semi.',30, 1, 'Primera',
TO_DATE('24/06/2006'), 5);

INSERT INTO VENTAS VALUES ('2222-A','Galletas Cuadradas',
15, 1, 'Segunda', TO_DATE('20/06/2006'), 5);
INSERT INTO VENTAS VALUES ('2222-A','Barquillos',15, 1, 'Primera',
TO_DATE('20/02/2006'), 6);
INSERT INTO VENTAS VALUES ('2222-A','Canutillos',15, 2, 'Segunda',
TO_DATE('10/06/2006'), 2);
INSERT INTO VENTAS VALUES ('2222-A','Sardinillas',10, 1,
 'Segunda', TO_DATE('15/08/2006'),5);
INSERT INTO VENTAS VALUES ('2222-A','Sardinillas',10, 1, 
'Tercera', TO_DATE('15/08/2006'),5);


INSERT INTO VENTAS VALUES ('3333-A','Leche semi.',30, 2, 'Primera',
TO_DATE('06/07/2006'), 11);
INSERT INTO VENTAS VALUES ('3333-A','Mantequilla',30, 1, 'Primera', 
TO_DATE('16/07/2006'), 10);
INSERT INTO VENTAS VALUES ('3333-A','Macarrones',20, 1, 'Primera',
TO_DATE('26/04/2006'), 30);
INSERT INTO VENTAS VALUES ('3333-A','Atún',10, 3, 'Primera',
TO_DATE('26/04/2006'), 10);
INSERT INTO VENTAS VALUES ('3333-A','Barquillos',15, 1, 
'Segunda', TO_DATE('25/11/2006'),4);
 INSERT INTO VENTAS VALUES ('3333-A','Canutillos',15, 2, 
'Segunda', TO_DATE('25/11/2006'),4);

INSERT INTO VENTAS VALUES ('4141-B','Atún',10, 3, 'Segunda',
TO_DATE('12/08/2006'), 2);

INSERT INTO VENTAS VALUES ('4141-B','Macarrones',25, 1,
 'Primera',TO_DATE('10/11/2006'),2);
INSERT INTO VENTAS VALUES ('4141-B','Tallarines',25, 1, 
'Primera', TO_DATE('11/11/2006'),3);
INSERT INTO VENTAS VALUES ('4141-B','Canutillos',15, 2, 
'Segunda', TO_DATE('11/11/2006'),8);

commit;

REM *************** FIN *******************************